chknum,jobid,chksiz[bytes],chkdur[ms]
1,6ebe01b255df199949f60a281a0fed3e,615064,37
2,6ebe01b255df199949f60a281a0fed3e,1426970,9
3,6ebe01b255df199949f60a281a0fed3e,2238724,9
4,6ebe01b255df199949f60a281a0fed3e,3050382,8
5,6ebe01b255df199949f60a281a0fed3e,3862126,8
6,6ebe01b255df199949f60a281a0fed3e,4673814,9
7,6ebe01b255df199949f60a281a0fed3e,5485548,8
8,6ebe01b255df199949f60a281a0fed3e,6297306,7
9,6ebe01b255df199949f60a281a0fed3e,7108994,8
10,6ebe01b255df199949f60a281a0fed3e,7920748,9
11,6ebe01b255df199949f60a281a0fed3e,8732452,9
12,6ebe01b255df199949f60a281a0fed3e,9544178,9
13,6ebe01b255df199949f60a281a0fed3e,10355914,10
14,6ebe01b255df199949f60a281a0fed3e,11167592,11
15,6ebe01b255df199949f60a281a0fed3e,11979306,23
16,6ebe01b255df199949f60a281a0fed3e,12791040,9
17,6ebe01b255df199949f60a281a0fed3e,13602734,11
18,6ebe01b255df199949f60a281a0fed3e,14414454,8
19,6ebe01b255df199949f60a281a0fed3e,15226172,9
20,6ebe01b255df199949f60a281a0fed3e,16037896,9
21,6ebe01b255df199949f60a281a0fed3e,16849632,11
22,6ebe01b255df199949f60a281a0fed3e,17661430,10
23,6ebe01b255df199949f60a281a0fed3e,18473116,11
24,6ebe01b255df199949f60a281a0fed3e,19284812,12
25,6ebe01b255df199949f60a281a0fed3e,20096526,11
26,6ebe01b255df199949f60a281a0fed3e,20908240,12
27,6ebe01b255df199949f60a281a0fed3e,21719958,21
28,6ebe01b255df199949f60a281a0fed3e,22531678,10
29,6ebe01b255df199949f60a281a0fed3e,23343390,12
30,6ebe01b255df199949f60a281a0fed3e,24155080,11
31,6ebe01b255df199949f60a281a0fed3e,24966776,11
32,6ebe01b255df199949f60a281a0fed3e,25778440,12
33,6ebe01b255df199949f60a281a0fed3e,26590136,11
34,6ebe01b255df199949f60a281a0fed3e,27401838,12
35,6ebe01b255df199949f60a281a0fed3e,28213574,12
36,6ebe01b255df199949f60a281a0fed3e,29025340,12
37,6ebe01b255df199949f60a281a0fed3e,29837096,12
38,6ebe01b255df199949f60a281a0fed3e,30648804,14
39,6ebe01b255df199949f60a281a0fed3e,31460530,12
40,6ebe01b255df199949f60a281a0fed3e,32272226,13
41,6ebe01b255df199949f60a281a0fed3e,33083910,13
42,6ebe01b255df199949f60a281a0fed3e,33895650,14
43,6ebe01b255df199949f60a281a0fed3e,34707434,24
44,6ebe01b255df199949f60a281a0fed3e,35519148,15
45,6ebe01b255df199949f60a281a0fed3e,36330926,12
46,6ebe01b255df199949f60a281a0fed3e,37142598,15
47,6ebe01b255df199949f60a281a0fed3e,37954304,15
48,6ebe01b255df199949f60a281a0fed3e,38766004,15
49,6ebe01b255df199949f60a281a0fed3e,39577780,14
50,6ebe01b255df199949f60a281a0fed3e,40389508,16
51,6ebe01b255df199949f60a281a0fed3e,41201220,11
52,6ebe01b255df199949f60a281a0fed3e,42012932,15
53,6ebe01b255df199949f60a281a0fed3e,42824626,16
54,6ebe01b255df199949f60a281a0fed3e,43636382,15
55,6ebe01b255df199949f60a281a0fed3e,44448034,26
56,6ebe01b255df199949f60a281a0fed3e,45259782,16
57,6ebe01b255df199949f60a281a0fed3e,46071490,17
58,6ebe01b255df199949f60a281a0fed3e,46883198,17
59,6ebe01b255df199949f60a281a0fed3e,47694912,16
60,6ebe01b255df199949f60a281a0fed3e,48506616,18
61,6ebe01b255df199949f60a281a0fed3e,49318352,28
62,6ebe01b255df199949f60a281a0fed3e,50130004,17
63,6ebe01b255df199949f60a281a0fed3e,50941712,18
64,6ebe01b255df199949f60a281a0fed3e,51753416,18
65,6ebe01b255df199949f60a281a0fed3e,52565162,17
66,6ebe01b255df199949f60a281a0fed3e,53376856,25
67,6ebe01b255df199949f60a281a0fed3e,54188586,20
68,6ebe01b255df199949f60a281a0fed3e,55000286,19
69,6ebe01b255df199949f60a281a0fed3e,55811962,19
70,6ebe01b255df199949f60a281a0fed3e,56623742,29
71,6ebe01b255df199949f60a281a0fed3e,57435472,20
72,6ebe01b255df199949f60a281a0fed3e,58247204,20
73,6ebe01b255df199949f60a281a0fed3e,59058878,28
74,6ebe01b255df199949f60a281a0fed3e,59870620,21
75,6ebe01b255df199949f60a281a0fed3e,60682326,26
76,6ebe01b255df199949f60a281a0fed3e,61494076,21
77,6ebe01b255df199949f60a281a0fed3e,62305808,20
78,6ebe01b255df199949f60a281a0fed3e,63117524,20
79,6ebe01b255df199949f60a281a0fed3e,63929232,32
80,6ebe01b255df199949f60a281a0fed3e,64740960,22
81,6ebe01b255df199949f60a281a0fed3e,65573000,39
82,6ebe01b255df199949f60a281a0fed3e,66364448,22
83,6ebe01b255df199949f60a281a0fed3e,67176176,31
84,6ebe01b255df199949f60a281a0fed3e,67987872,21
85,6ebe01b255df199949f60a281a0fed3e,68799538,23
86,6ebe01b255df199949f60a281a0fed3e,69611308,24
87,6ebe01b255df199949f60a281a0fed3e,70423068,29
88,6ebe01b255df199949f60a281a0fed3e,71234710,22
89,6ebe01b255df199949f60a281a0fed3e,72046416,24
90,6ebe01b255df199949f60a281a0fed3e,72858160,23
91,6ebe01b255df199949f60a281a0fed3e,73669854,24
92,6ebe01b255df199949f60a281a0fed3e,74481582,22
93,6ebe01b255df199949f60a281a0fed3e,75293318,17
94,6ebe01b255df199949f60a281a0fed3e,76105072,31
95,6ebe01b255df199949f60a281a0fed3e,76916816,26
96,6ebe01b255df199949f60a281a0fed3e,77728564,23
97,6ebe01b255df199949f60a281a0fed3e,78540270,23
98,6ebe01b255df199949f60a281a0fed3e,79352054,24
99,6ebe01b255df199949f60a281a0fed3e,80163752,23
100,6ebe01b255df199949f60a281a0fed3e,80975508,23
101,6ebe01b255df199949f60a281a0fed3e,81787218,24
102,6ebe01b255df199949f60a281a0fed3e,82598932,27
103,6ebe01b255df199949f60a281a0fed3e,83410638,44
104,6ebe01b255df199949f60a281a0fed3e,84222336,43
105,6ebe01b255df199949f60a281a0fed3e,85034038,46
106,6ebe01b255df199949f60a281a0fed3e,85845752,54
107,6ebe01b255df199949f60a281a0fed3e,86657420,33
108,6ebe01b255df199949f60a281a0fed3e,87469112,37
109,6ebe01b255df199949f60a281a0fed3e,88280838,34
110,6ebe01b255df199949f60a281a0fed3e,89092566,36
111,6ebe01b255df199949f60a281a0fed3e,89904320,34
112,6ebe01b255df199949f60a281a0fed3e,90716030,34
113,6ebe01b255df199949f60a281a0fed3e,91527750,34
114,6ebe01b255df199949f60a281a0fed3e,92339434,39
115,6ebe01b255df199949f60a281a0fed3e,93151106,42
116,6ebe01b255df199949f60a281a0fed3e,93962840,48
117,6ebe01b255df199949f60a281a0fed3e,94774574,34
118,6ebe01b255df199949f60a281a0fed3e,95586266,34
119,6ebe01b255df199949f60a281a0fed3e,96397970,37
120,6ebe01b255df199949f60a281a0fed3e,97209678,37
121,6ebe01b255df199949f60a281a0fed3e,98021424,38
122,6ebe01b255df199949f60a281a0fed3e,98833096,42
123,6ebe01b255df199949f60a281a0fed3e,99644838,37
124,6ebe01b255df199949f60a281a0fed3e,100456584,41
125,6ebe01b255df199949f60a281a0fed3e,101268258,35
126,6ebe01b255df199949f60a281a0fed3e,102079958,26
127,6ebe01b255df199949f60a281a0fed3e,102891654,40
128,6ebe01b255df199949f60a281a0fed3e,103703432,43
129,6ebe01b255df199949f60a281a0fed3e,104515182,46
130,6ebe01b255df199949f60a281a0fed3e,105326896,43
131,6ebe01b255df199949f60a281a0fed3e,106138616,47
132,6ebe01b255df199949f60a281a0fed3e,106950360,45
133,6ebe01b255df199949f60a281a0fed3e,107762052,39
134,6ebe01b255df199949f60a281a0fed3e,108573772,40
135,6ebe01b255df199949f60a281a0fed3e,109385492,34
136,6ebe01b255df199949f60a281a0fed3e,110197276,38
137,6ebe01b255df199949f60a281a0fed3e,111008950,43
138,6ebe01b255df199949f60a281a0fed3e,111820680,45
139,6ebe01b255df199949f60a281a0fed3e,112632352,44
140,6ebe01b255df199949f60a281a0fed3e,113444060,41
141,6ebe01b255df199949f60a281a0fed3e,114255772,44
142,6ebe01b255df199949f60a281a0fed3e,115067476,41
143,6ebe01b255df199949f60a281a0fed3e,115879218,47
144,6ebe01b255df199949f60a281a0fed3e,116690946,42
145,6ebe01b255df199949f60a281a0fed3e,117502714,43
146,6ebe01b255df199949f60a281a0fed3e,118314424,47
147,6ebe01b255df199949f60a281a0fed3e,119126158,43
148,6ebe01b255df199949f60a281a0fed3e,119937890,33
149,6ebe01b255df199949f60a281a0fed3e,120749554,45
150,6ebe01b255df199949f60a281a0fed3e,121561292,46
151,6ebe01b255df199949f60a281a0fed3e,122373024,52
152,6ebe01b255df199949f60a281a0fed3e,123184748,43
153,6ebe01b255df199949f60a281a0fed3e,123996378,40
154,6ebe01b255df199949f60a281a0fed3e,124808100,44
155,6ebe01b255df199949f60a281a0fed3e,125619752,45
156,6ebe01b255df199949f60a281a0fed3e,126431404,48
157,6ebe01b255df199949f60a281a0fed3e,127243092,43
158,6ebe01b255df199949f60a281a0fed3e,128054776,44
159,6ebe01b255df199949f60a281a0fed3e,128866540,42
160,6ebe01b255df199949f60a281a0fed3e,129678270,46
161,6ebe01b255df199949f60a281a0fed3e,130489992,45
162,6ebe01b255df199949f60a281a0fed3e,131301682,46
163,6ebe01b255df199949f60a281a0fed3e,132113428,44
164,6ebe01b255df199949f60a281a0fed3e,132925156,42
165,6ebe01b255df199949f60a281a0fed3e,133736886,46
166,6ebe01b255df199949f60a281a0fed3e,134548538,62
167,6ebe01b255df199949f60a281a0fed3e,135360214,48
168,6ebe01b255df199949f60a281a0fed3e,136171926,50
169,6ebe01b255df199949f60a281a0fed3e,136983672,47
170,6ebe01b255df199949f60a281a0fed3e,137795360,49
171,6ebe01b255df199949f60a281a0fed3e,138607092,49
172,6ebe01b255df199949f60a281a0fed3e,139418786,48
173,6ebe01b255df199949f60a281a0fed3e,140230506,40
174,6ebe01b255df199949f60a281a0fed3e,141042238,48
175,6ebe01b255df199949f60a281a0fed3e,141853946,51
176,6ebe01b255df199949f60a281a0fed3e,142665678,48
177,6ebe01b255df199949f60a281a0fed3e,143477432,53
178,6ebe01b255df199949f60a281a0fed3e,144289152,48
179,6ebe01b255df199949f60a281a0fed3e,145100888,47
180,6ebe01b255df199949f60a281a0fed3e,145912578,50
181,6ebe01b255df199949f60a281a0fed3e,146724266,50
182,6ebe01b255df199949f60a281a0fed3e,147536042,46
183,6ebe01b255df199949f60a281a0fed3e,148347794,54
184,6ebe01b255df199949f60a281a0fed3e,149159496,53
185,6ebe01b255df199949f60a281a0fed3e,149971226,36
186,6ebe01b255df199949f60a281a0fed3e,150782968,53
187,6ebe01b255df199949f60a281a0fed3e,151594690,54
188,6ebe01b255df199949f60a281a0fed3e,152406364,50
189,6ebe01b255df199949f60a281a0fed3e,153218058,60
190,6ebe01b255df199949f60a281a0fed3e,154029762,53
191,6ebe01b255df199949f60a281a0fed3e,154841442,55
192,6ebe01b255df199949f60a281a0fed3e,155653148,50
193,6ebe01b255df199949f60a281a0fed3e,156464836,55
194,6ebe01b255df199949f60a281a0fed3e,157276536,52
195,6ebe01b255df199949f60a281a0fed3e,158088280,58
196,6ebe01b255df199949f60a281a0fed3e,158899948,59
197,6ebe01b255df199949f60a281a0fed3e,159711706,54
198,6ebe01b255df199949f60a281a0fed3e,160523430,53
199,6ebe01b255df199949f60a281a0fed3e,161335120,53
200,6ebe01b255df199949f60a281a0fed3e,162146836,37
201,6ebe01b255df199949f60a281a0fed3e,162958568,51
202,6ebe01b255df199949f60a281a0fed3e,163770264,62
203,6ebe01b255df199949f60a281a0fed3e,164582008,53
204,6ebe01b255df199949f60a281a0fed3e,165393678,50
205,6ebe01b255df199949f60a281a0fed3e,166205464,59
206,6ebe01b255df199949f60a281a0fed3e,167017228,83
207,6ebe01b255df199949f60a281a0fed3e,167828940,66
208,6ebe01b255df199949f60a281a0fed3e,168640654,75
209,6ebe01b255df199949f60a281a0fed3e,169452358,64
210,6ebe01b255df199949f60a281a0fed3e,170264058,90
211,6ebe01b255df199949f60a281a0fed3e,171075762,67
212,6ebe01b255df199949f60a281a0fed3e,171887498,69
213,6ebe01b255df199949f60a281a0fed3e,172699250,84
214,6ebe01b255df199949f60a281a0fed3e,173510962,63
215,6ebe01b255df199949f60a281a0fed3e,174322692,63
216,6ebe01b255df199949f60a281a0fed3e,175134436,66
217,6ebe01b255df199949f60a281a0fed3e,175946132,67
218,6ebe01b255df199949f60a281a0fed3e,176757840,51
219,6ebe01b255df199949f60a281a0fed3e,177569544,65
220,6ebe01b255df199949f60a281a0fed3e,178381284,70
221,6ebe01b255df199949f60a281a0fed3e,179193010,72
222,6ebe01b255df199949f60a281a0fed3e,180004766,67
223,6ebe01b255df199949f60a281a0fed3e,180816446,71
224,6ebe01b255df199949f60a281a0fed3e,181628144,66
225,6ebe01b255df199949f60a281a0fed3e,182439888,75
226,6ebe01b255df199949f60a281a0fed3e,183251664,70
227,6ebe01b255df199949f60a281a0fed3e,184063336,77
228,6ebe01b255df199949f60a281a0fed3e,184875022,72
229,6ebe01b255df199949f60a281a0fed3e,185686754,67
230,6ebe01b255df199949f60a281a0fed3e,186498504,77
231,6ebe01b255df199949f60a281a0fed3e,187310202,74
232,6ebe01b255df199949f60a281a0fed3e,188121932,75
233,6ebe01b255df199949f60a281a0fed3e,188933668,70
234,6ebe01b255df199949f60a281a0fed3e,189745376,71
235,6ebe01b255df199949f60a281a0fed3e,190557154,78
236,6ebe01b255df199949f60a281a0fed3e,191368866,77
237,6ebe01b255df199949f60a281a0fed3e,192180544,66
238,6ebe01b255df199949f60a281a0fed3e,192992208,82
239,6ebe01b255df199949f60a281a0fed3e,193803960,75
240,6ebe01b255df199949f60a281a0fed3e,194615666,77
241,6ebe01b255df199949f60a281a0fed3e,195427380,73
242,6ebe01b255df199949f60a281a0fed3e,196239096,76
243,6ebe01b255df199949f60a281a0fed3e,197050832,57
244,6ebe01b255df199949f60a281a0fed3e,197862530,90
245,6ebe01b255df199949f60a281a0fed3e,198674294,73
246,6ebe01b255df199949f60a281a0fed3e,199485980,66
247,6ebe01b255df199949f60a281a0fed3e,200297682,80
248,6ebe01b255df199949f60a281a0fed3e,201109428,79
249,6ebe01b255df199949f60a281a0fed3e,201921132,84
250,6ebe01b255df199949f60a281a0fed3e,202732840,81
251,6ebe01b255df199949f60a281a0fed3e,203544544,139
252,6ebe01b255df199949f60a281a0fed3e,204356254,77
253,6ebe01b255df199949f60a281a0fed3e,205167954,57
254,6ebe01b255df199949f60a281a0fed3e,205979718,81
255,6ebe01b255df199949f60a281a0fed3e,206791406,77
256,6ebe01b255df199949f60a281a0fed3e,207603108,70
257,6ebe01b255df199949f60a281a0fed3e,208414774,80
258,6ebe01b255df199949f60a281a0fed3e,209226442,56
259,6ebe01b255df199949f60a281a0fed3e,210038138,73
260,6ebe01b255df199949f60a281a0fed3e,210849796,82
261,6ebe01b255df199949f60a281a0fed3e,211661548,56
262,6ebe01b255df199949f60a281a0fed3e,212473258,84
263,6ebe01b255df199949f60a281a0fed3e,213285006,80
264,6ebe01b255df199949f60a281a0fed3e,214096698,87
265,6ebe01b255df199949f60a281a0fed3e,214908380,89
266,6ebe01b255df199949f60a281a0fed3e,215720150,85
267,6ebe01b255df199949f60a281a0fed3e,216531878,80
268,6ebe01b255df199949f60a281a0fed3e,217343636,84
269,6ebe01b255df199949f60a281a0fed3e,218155322,83
270,6ebe01b255df199949f60a281a0fed3e,218967120,71
271,6ebe01b255df199949f60a281a0fed3e,219778830,83
272,6ebe01b255df199949f60a281a0fed3e,220590532,81
273,6ebe01b255df199949f60a281a0fed3e,221402258,81
274,6ebe01b255df199949f60a281a0fed3e,222214012,71
275,6ebe01b255df199949f60a281a0fed3e,223025734,65
276,6ebe01b255df199949f60a281a0fed3e,223837440,87
277,6ebe01b255df199949f60a281a0fed3e,224649162,86
278,6ebe01b255df199949f60a281a0fed3e,225460870,87
279,6ebe01b255df199949f60a281a0fed3e,226272576,84
280,6ebe01b255df199949f60a281a0fed3e,227084268,82
281,6ebe01b255df199949f60a281a0fed3e,227895970,62
282,6ebe01b255df199949f60a281a0fed3e,228707708,61
283,6ebe01b255df199949f60a281a0fed3e,229519418,81
284,6ebe01b255df199949f60a281a0fed3e,230331112,80
285,6ebe01b255df199949f60a281a0fed3e,231142850,88
286,6ebe01b255df199949f60a281a0fed3e,231954516,91
287,6ebe01b255df199949f60a281a0fed3e,232766242,70
288,6ebe01b255df199949f60a281a0fed3e,233577944,81
289,6ebe01b255df199949f60a281a0fed3e,234389682,79
290,6ebe01b255df199949f60a281a0fed3e,235201366,90
291,6ebe01b255df199949f60a281a0fed3e,236013018,77
292,6ebe01b255df199949f60a281a0fed3e,236824722,85
293,6ebe01b255df199949f60a281a0fed3e,237636438,95
294,6ebe01b255df199949f60a281a0fed3e,238448172,77
295,6ebe01b255df199949f60a281a0fed3e,239259906,91
296,6ebe01b255df199949f60a281a0fed3e,240091876,167
297,6ebe01b255df199949f60a281a0fed3e,240883282,90
298,6ebe01b255df199949f60a281a0fed3e,241694974,90
299,6ebe01b255df199949f60a281a0fed3e,242506678,86
300,6ebe01b255df199949f60a281a0fed3e,243318398,71
301,6ebe01b255df199949f60a281a0fed3e,244130116,80
302,6ebe01b255df199949f60a281a0fed3e,244941836,98
303,6ebe01b255df199949f60a281a0fed3e,245753554,92
304,6ebe01b255df199949f60a281a0fed3e,246565248,79
305,6ebe01b255df199949f60a281a0fed3e,247376960,91
306,6ebe01b255df199949f60a281a0fed3e,248188688,139
307,6ebe01b255df199949f60a281a0fed3e,249000432,126
308,6ebe01b255df199949f60a281a0fed3e,249812122,202
309,6ebe01b255df199949f60a281a0fed3e,250623848,119
310,6ebe01b255df199949f60a281a0fed3e,251435562,102
311,6ebe01b255df199949f60a281a0fed3e,252247340,122
312,6ebe01b255df199949f60a281a0fed3e,253059014,84
313,6ebe01b255df199949f60a281a0fed3e,253870700,112
314,6ebe01b255df199949f60a281a0fed3e,254682422,110
315,6ebe01b255df199949f60a281a0fed3e,255494108,110
316,6ebe01b255df199949f60a281a0fed3e,256305796,135
317,6ebe01b255df199949f60a281a0fed3e,257117540,114
318,6ebe01b255df199949f60a281a0fed3e,257929296,125
319,6ebe01b255df199949f60a281a0fed3e,258740998,116
320,6ebe01b255df199949f60a281a0fed3e,259552662,143
321,6ebe01b255df199949f60a281a0fed3e,260364392,97
322,6ebe01b255df199949f60a281a0fed3e,261176102,127
323,6ebe01b255df199949f60a281a0fed3e,261987854,112
324,6ebe01b255df199949f60a281a0fed3e,262799554,110
325,6ebe01b255df199949f60a281a0fed3e,263611236,122
326,6ebe01b255df199949f60a281a0fed3e,264422946,159
327,6ebe01b255df199949f60a281a0fed3e,265234704,100
328,6ebe01b255df199949f60a281a0fed3e,266046446,117
329,6ebe01b255df199949f60a281a0fed3e,266858168,100
330,6ebe01b255df199949f60a281a0fed3e,267669904,110
331,6ebe01b255df199949f60a281a0fed3e,268481590,110
332,6ebe01b255df199949f60a281a0fed3e,269293296,107
333,6ebe01b255df199949f60a281a0fed3e,270105028,105
334,6ebe01b255df199949f60a281a0fed3e,270916756,123
335,6ebe01b255df199949f60a281a0fed3e,271728464,123
336,6ebe01b255df199949f60a281a0fed3e,272540158,119
337,6ebe01b255df199949f60a281a0fed3e,273351808,127
338,6ebe01b255df199949f60a281a0fed3e,274163470,110
339,6ebe01b255df199949f60a281a0fed3e,274975208,132
340,6ebe01b255df199949f60a281a0fed3e,275786870,104
341,6ebe01b255df199949f60a281a0fed3e,276598594,99
342,6ebe01b255df199949f60a281a0fed3e,277410312,104
343,6ebe01b255df199949f60a281a0fed3e,278222042,125
344,6ebe01b255df199949f60a281a0fed3e,279033694,103
345,6ebe01b255df199949f60a281a0fed3e,279845424,127
346,6ebe01b255df199949f60a281a0fed3e,280657124,152
347,6ebe01b255df199949f60a281a0fed3e,281468842,128
348,6ebe01b255df199949f60a281a0fed3e,282280578,133
349,6ebe01b255df199949f60a281a0fed3e,283092306,133
350,6ebe01b255df199949f60a281a0fed3e,283904052,99
351,6ebe01b255df199949f60a281a0fed3e,284715828,127
352,6ebe01b255df199949f60a281a0fed3e,285527566,113
353,6ebe01b255df199949f60a281a0fed3e,286339294,134
354,6ebe01b255df199949f60a281a0fed3e,287151036,129
355,6ebe01b255df199949f60a281a0fed3e,287962726,124
356,6ebe01b255df199949f60a281a0fed3e,288774414,117
357,6ebe01b255df199949f60a281a0fed3e,289586122,110
358,6ebe01b255df199949f60a281a0fed3e,290397900,129
359,6ebe01b255df199949f60a281a0fed3e,291209630,125
360,6ebe01b255df199949f60a281a0fed3e,292021370,133
361,6ebe01b255df199949f60a281a0fed3e,292833044,132
362,6ebe01b255df199949f60a281a0fed3e,293644712,132
363,6ebe01b255df199949f60a281a0fed3e,294456436,133
364,6ebe01b255df199949f60a281a0fed3e,295268124,136
365,6ebe01b255df199949f60a281a0fed3e,296079834,127
366,6ebe01b255df199949f60a281a0fed3e,296891600,112
367,6ebe01b255df199949f60a281a0fed3e,297703332,132
368,6ebe01b255df199949f60a281a0fed3e,298515056,124
369,6ebe01b255df199949f60a281a0fed3e,299326784,103
370,6ebe01b255df199949f60a281a0fed3e,300138538,119
371,6ebe01b255df199949f60a281a0fed3e,300950294,181
372,6ebe01b255df199949f60a281a0fed3e,301761964,131
373,6ebe01b255df199949f60a281a0fed3e,302573644,141
374,6ebe01b255df199949f60a281a0fed3e,303385378,143
375,6ebe01b255df199949f60a281a0fed3e,304197090,148
376,6ebe01b255df199949f60a281a0fed3e,305008790,132
377,6ebe01b255df199949f60a281a0fed3e,305820496,137
378,6ebe01b255df199949f60a281a0fed3e,306632214,121
379,6ebe01b255df199949f60a281a0fed3e,307443930,111
380,6ebe01b255df199949f60a281a0fed3e,308255634,102
381,6ebe01b255df199949f60a281a0fed3e,309067384,111
382,6ebe01b255df199949f60a281a0fed3e,309879098,131
383,6ebe01b255df199949f60a281a0fed3e,310690798,106
384,6ebe01b255df199949f60a281a0fed3e,311502544,118
385,6ebe01b255df199949f60a281a0fed3e,312314272,140
386,6ebe01b255df199949f60a281a0fed3e,313146266,185
387,6ebe01b255df199949f60a281a0fed3e,313937704,125
388,6ebe01b255df199949f60a281a0fed3e,314749404,120
389,6ebe01b255df199949f60a281a0fed3e,315561156,137
390,6ebe01b255df199949f60a281a0fed3e,316372844,132
391,6ebe01b255df199949f60a281a0fed3e,317184488,126
392,6ebe01b255df199949f60a281a0fed3e,317996170,140
393,6ebe01b255df199949f60a281a0fed3e,318807886,225
394,6ebe01b255df199949f60a281a0fed3e,319619596,111
395,6ebe01b255df199949f60a281a0fed3e,320431278,142
396,6ebe01b255df199949f60a281a0fed3e,321242970,174
397,6ebe01b255df199949f60a281a0fed3e,322054692,128
398,6ebe01b255df199949f60a281a0fed3e,322866382,129
399,6ebe01b255df199949f60a281a0fed3e,323678150,115
400,6ebe01b255df199949f60a281a0fed3e,324489882,144
401,6ebe01b255df199949f60a281a0fed3e,325301626,113
402,6ebe01b255df199949f60a281a0fed3e,326113334,146
403,6ebe01b255df199949f60a281a0fed3e,326925060,138
404,6ebe01b255df199949f60a281a0fed3e,327736756,135
405,6ebe01b255df199949f60a281a0fed3e,328548490,145
406,6ebe01b255df199949f60a281a0fed3e,329360264,179
407,6ebe01b255df199949f60a281a0fed3e,330171962,124
408,6ebe01b255df199949f60a281a0fed3e,330983662,149
409,6ebe01b255df199949f60a281a0fed3e,331795346,159
410,6ebe01b255df199949f60a281a0fed3e,332607032,192
411,6ebe01b255df199949f60a281a0fed3e,333418776,281
412,6ebe01b255df199949f60a281a0fed3e,334230488,213
413,6ebe01b255df199949f60a281a0fed3e,335042228,155
414,6ebe01b255df199949f60a281a0fed3e,335853960,190
415,6ebe01b255df199949f60a281a0fed3e,336665674,193
416,6ebe01b255df199949f60a281a0fed3e,337477410,263
417,6ebe01b255df199949f60a281a0fed3e,338289130,171
418,6ebe01b255df199949f60a281a0fed3e,339100852,159
419,6ebe01b255df199949f60a281a0fed3e,339912590,191
420,6ebe01b255df199949f60a281a0fed3e,340724292,183
421,6ebe01b255df199949f60a281a0fed3e,341536000,172
422,6ebe01b255df199949f60a281a0fed3e,342343610,157
423,6ebe01b255df199949f60a281a0fed3e,343155336,157
424,6ebe01b255df199949f60a281a0fed3e,343967032,173
425,6ebe01b255df199949f60a281a0fed3e,344778772,170
426,6ebe01b255df199949f60a281a0fed3e,345590472,241
427,6ebe01b255df199949f60a281a0fed3e,346402220,161
428,6ebe01b255df199949f60a281a0fed3e,347213964,148
429,6ebe01b255df199949f60a281a0fed3e,348025636,184
430,6ebe01b255df199949f60a281a0fed3e,348837330,209
431,6ebe01b255df199949f60a281a0fed3e,349649072,321
432,6ebe01b255df199949f60a281a0fed3e,350460774,200
433,6ebe01b255df199949f60a281a0fed3e,351272432,190
434,6ebe01b255df199949f60a281a0fed3e,352084182,172
435,6ebe01b255df199949f60a281a0fed3e,352895950,211
436,6ebe01b255df199949f60a281a0fed3e,353727934,305
437,6ebe01b255df199949f60a281a0fed3e,354519328,188
438,6ebe01b255df199949f60a281a0fed3e,355331078,236
439,6ebe01b255df199949f60a281a0fed3e,356142766,185
440,6ebe01b255df199949f60a281a0fed3e,356954458,270
441,6ebe01b255df199949f60a281a0fed3e,357766226,205
442,6ebe01b255df199949f60a281a0fed3e,358577960,247
443,6ebe01b255df199949f60a281a0fed3e,359389654,171
444,6ebe01b255df199949f60a281a0fed3e,360201354,184
445,6ebe01b255df199949f60a281a0fed3e,361013052,269
446,6ebe01b255df199949f60a281a0fed3e,361824772,256
447,6ebe01b255df199949f60a281a0fed3e,362636522,282
448,6ebe01b255df199949f60a281a0fed3e,363448238,288
449,6ebe01b255df199949f60a281a0fed3e,364259940,244
450,6ebe01b255df199949f60a281a0fed3e,365071654,262
451,6ebe01b255df199949f60a281a0fed3e,365883318,331
452,6ebe01b255df199949f60a281a0fed3e,366694992,288
453,6ebe01b255df199949f60a281a0fed3e,367506736,293
454,6ebe01b255df199949f60a281a0fed3e,368318458,249
455,6ebe01b255df199949f60a281a0fed3e,369130176,303
456,6ebe01b255df199949f60a281a0fed3e,369941850,341
457,6ebe01b255df199949f60a281a0fed3e,370753560,331
458,6ebe01b255df199949f60a281a0fed3e,371565300,253
459,6ebe01b255df199949f60a281a0fed3e,372376964,303
460,6ebe01b255df199949f60a281a0fed3e,373188720,379
461,6ebe01b255df199949f60a281a0fed3e,374000416,367
462,6ebe01b255df199949f60a281a0fed3e,374812212,343
463,6ebe01b255df199949f60a281a0fed3e,375623958,307
464,6ebe01b255df199949f60a281a0fed3e,376435690,374
465,6ebe01b255df199949f60a281a0fed3e,377247412,415
466,6ebe01b255df199949f60a281a0fed3e,378059168,393
467,6ebe01b255df199949f60a281a0fed3e,378870874,431
468,6ebe01b255df199949f60a281a0fed3e,379682584,489
469,6ebe01b255df199949f60a281a0fed3e,380494332,454
470,6ebe01b255df199949f60a281a0fed3e,381306056,405
471,6ebe01b255df199949f60a281a0fed3e,382117772,478
472,6ebe01b255df199949f60a281a0fed3e,382929482,420
473,6ebe01b255df199949f60a281a0fed3e,383741178,468
474,6ebe01b255df199949f60a281a0fed3e,384552906,499
475,6ebe01b255df199949f60a281a0fed3e,385364616,482
476,6ebe01b255df199949f60a281a0fed3e,386176292,499
477,6ebe01b255df199949f60a281a0fed3e,386987936,508
478,6ebe01b255df199949f60a281a0fed3e,387799660,498
479,6ebe01b255df199949f60a281a0fed3e,388611410,504
480,6ebe01b255df199949f60a281a0fed3e,389423184,492
481,6ebe01b255df199949f60a281a0fed3e,390234884,533
482,6ebe01b255df199949f60a281a0fed3e,391046606,527
483,6ebe01b255df199949f60a281a0fed3e,391858302,571
484,6ebe01b255df199949f60a281a0fed3e,392670008,623
485,6ebe01b255df199949f60a281a0fed3e,393481732,634
486,6ebe01b255df199949f60a281a0fed3e,394293478,626
487,6ebe01b255df199949f60a281a0fed3e,395145740,650
488,6ebe01b255df199949f60a281a0fed3e,395916852,592
489,6ebe01b255df199949f60a281a0fed3e,396728518,694
490,6ebe01b255df199949f60a281a0fed3e,397540180,650
491,6ebe01b255df199949f60a281a0fed3e,398351910,686
492,6ebe01b255df199949f60a281a0fed3e,399265018,660
493,6ebe01b255df199949f60a281a0fed3e,400076726,705
494,6ebe01b255df199949f60a281a0fed3e,400786950,670
495,6ebe01b255df199949f60a281a0fed3e,401598676,658
496,6ebe01b255df199949f60a281a0fed3e,402410396,697
497,6ebe01b255df199949f60a281a0fed3e,403222162,683
498,6ebe01b255df199949f60a281a0fed3e,404033866,711
499,6ebe01b255df199949f60a281a0fed3e,404865816,762
500,6ebe01b255df199949f60a281a0fed3e,405657212,714
501,6ebe01b255df199949f60a281a0fed3e,406468940,714
502,6ebe01b255df199949f60a281a0fed3e,407280658,800
503,6ebe01b255df199949f60a281a0fed3e,408275008,862
504,6ebe01b255df199949f60a281a0fed3e,409127266,808
505,6ebe01b255df199949f60a281a0fed3e,409736128,218
506,6ebe01b255df199949f60a281a0fed3e,410527540,779
507,6ebe01b255df199949f60a281a0fed3e,411339240,771
508,6ebe01b255df199949f60a281a0fed3e,412150894,851
509,6ebe01b255df199949f60a281a0fed3e,412962594,804
510,6ebe01b255df199949f60a281a0fed3e,413774272,812
511,6ebe01b255df199949f60a281a0fed3e,414626560,1027
512,6ebe01b255df199949f60a281a0fed3e,415418014,1040
513,6ebe01b255df199949f60a281a0fed3e,416351486,1027
514,6ebe01b255df199949f60a281a0fed3e,417427012,965
515,6ebe01b255df199949f60a281a0fed3e,418238716,1094
516,6ebe01b255df199949f60a281a0fed3e,419050432,595
517,6ebe01b255df199949f60a281a0fed3e,419659228,1443
518,6ebe01b255df199949f60a281a0fed3e,420633252,1735
519,6ebe01b255df199949f60a281a0fed3e,421688454,1598
520,6ebe01b255df199949f60a281a0fed3e,422459592,1685
521,6ebe01b255df199949f60a281a0fed3e,423433636,1736
522,6ebe01b255df199949f60a281a0fed3e,424407658,1967
523,6ebe01b255df199949f60a281a0fed3e,425402004,1942
524,6ebe01b255df199949f60a281a0fed3e,426376070,2056
525,6ebe01b255df199949f60a281a0fed3e,427816886,1847
526,6ebe01b255df199949f60a281a0fed3e,428567728,2052
527,6ebe01b255df199949f60a281a0fed3e,429582382,1995
528,6ebe01b255df199949f60a281a0fed3e,430556502,2418
529,6ebe01b255df199949f60a281a0fed3e,431652312,2530
530,6ebe01b255df199949f60a281a0fed3e,432687224,2770
531,6ebe01b255df199949f60a281a0fed3e,433823632,2593
532,6ebe01b255df199949f60a281a0fed3e,434878806,2670
533,6ebe01b255df199949f60a281a0fed3e,435974632,2599
534,6ebe01b255df199949f60a281a0fed3e,437050174,2662
535,6ebe01b255df199949f60a281a0fed3e,438145998,2838
536,6ebe01b255df199949f60a281a0fed3e,439302670,2706
537,6ebe01b255df199949f60a281a0fed3e,440418822,2707
538,6ebe01b255df199949f60a281a0fed3e,441534900,2741
539,6ebe01b255df199949f60a281a0fed3e,442651034,2741
540,6ebe01b255df199949f60a281a0fed3e,443763070,2710
541,6ebe01b255df199949f60a281a0fed3e,444879206,2615
542,6ebe01b255df199949f60a281a0fed3e,445954762,2552
543,6ebe01b255df199949f60a281a0fed3e,447009950,2493
544,6ebe01b255df199949f60a281a0fed3e,448024594,2504
545,6ebe01b255df199949f60a281a0fed3e,449059550,2734
546,6ebe01b255df199949f60a281a0fed3e,450195938,2738
547,6ebe01b255df199949f60a281a0fed3e,451312112,2651
548,6ebe01b255df199949f60a281a0fed3e,452407964,2680
549,6ebe01b255df199949f60a281a0fed3e,453503786,2583
550,6ebe01b255df199949f60a281a0fed3e,454559074,2615
551,6ebe01b255df199949f60a281a0fed3e,455634622,2657
552,6ebe01b255df199949f60a281a0fed3e,456730456,2551
553,6ebe01b255df199949f60a281a0fed3e,457765398,2568
554,6ebe01b255df199949f60a281a0fed3e,458820610,2788
555,6ebe01b255df199949f60a281a0fed3e,459977240,2832
556,6ebe01b255df199949f60a281a0fed3e,461133932,2761
557,6ebe01b255df199949f60a281a0fed3e,462270316,2798
558,6ebe01b255df199949f60a281a0fed3e,463487842,2534
559,6ebe01b255df199949f60a281a0fed3e,464522770,2528
560,6ebe01b255df199949f60a281a0fed3e,465557644,2528
561,6ebe01b255df199949f60a281a0fed3e,466592548,2575
562,6ebe01b255df199949f60a281a0fed3e,467647802,2512
563,6ebe01b255df199949f60a281a0fed3e,468682758,2560
564,6ebe01b255df199949f60a281a0fed3e,469738004,2644
565,6ebe01b255df199949f60a281a0fed3e,470833814,2664
566,6ebe01b255df199949f60a281a0fed3e,471929590,2772
567,6ebe01b255df199949f60a281a0fed3e,473065988,2728
568,6ebe01b255df199949f60a281a0fed3e,474182196,2742
569,6ebe01b255df199949f60a281a0fed3e,475318600,2632
570,6ebe01b255df199949f60a281a0fed3e,476394128,2622
571,6ebe01b255df199949f60a281a0fed3e,477469616,2622
572,6ebe01b255df199949f60a281a0fed3e,478545112,2651
573,6ebe01b255df199949f60a281a0fed3e,479640890,2735
574,6ebe01b255df199949f60a281a0fed3e,480756916,2814
575,6ebe01b255df199949f60a281a0fed3e,481913600,2653
576,6ebe01b255df199949f60a281a0fed3e,483009420,2655
577,6ebe01b255df199949f60a281a0fed3e,484105244,2646
578,6ebe01b255df199949f60a281a0fed3e,485201044,2684
579,6ebe01b255df199949f60a281a0fed3e,486296832,2655
580,6ebe01b255df199949f60a281a0fed3e,487615840,2608
581,6ebe01b255df199949f60a281a0fed3e,488691340,2645
582,6ebe01b255df199949f60a281a0fed3e,489766828,2619
583,6ebe01b255df199949f60a281a0fed3e,490842410,2621
584,6ebe01b255df199949f60a281a0fed3e,491917938,2619
585,6ebe01b255df199949f60a281a0fed3e,493013752,2622
586,6ebe01b255df199949f60a281a0fed3e,494089308,2609
587,6ebe01b255df199949f60a281a0fed3e,495164880,2718
588,6ebe01b255df199949f60a281a0fed3e,496280998,2785
589,6ebe01b255df199949f60a281a0fed3e,497417334,2937
590,6ebe01b255df199949f60a281a0fed3e,498634850,3085
591,6ebe01b255df199949f60a281a0fed3e,499893010,2980
592,6ebe01b255df199949f60a281a0fed3e,501130856,2989
593,6ebe01b255df199949f60a281a0fed3e,502348404,2779
594,6ebe01b255df199949f60a281a0fed3e,503484794,2750
595,6ebe01b255df199949f60a281a0fed3e,504621102,2769
596,6ebe01b255df199949f60a281a0fed3e,505757488,2786
597,6ebe01b255df199949f60a281a0fed3e,506893886,3059
598,6ebe01b255df199949f60a281a0fed3e,508152046,3074
599,6ebe01b255df199949f60a281a0fed3e,509430480,2811
600,6ebe01b255df199949f60a281a0fed3e,510566872,2792
601,6ebe01b255df199949f60a281a0fed3e,511743858,2653
602,6ebe01b255df199949f60a281a0fed3e,512819418,2571
603,6ebe01b255df199949f60a281a0fed3e,513874624,2556
604,6ebe01b255df199949f60a281a0fed3e,514929916,2628
605,6ebe01b255df199949f60a281a0fed3e,516025740,2610
606,6ebe01b255df199949f60a281a0fed3e,517081028,3159
607,6ebe01b255df199949f60a281a0fed3e,518379886,2920
608,6ebe01b255df199949f60a281a0fed3e,519577226,2667
609,6ebe01b255df199949f60a281a0fed3e,520693404,2871
610,6ebe01b255df199949f60a281a0fed3e,521870354,2662
611,6ebe01b255df199949f60a281a0fed3e,522966188,2644
612,6ebe01b255df199949f60a281a0fed3e,524041770,3108
613,6ebe01b255df199949f60a281a0fed3e,525320256,2974
614,6ebe01b255df199949f60a281a0fed3e,526537894,3145
615,6ebe01b255df199949f60a281a0fed3e,527836644,2698
616,6ebe01b255df199949f60a281a0fed3e,528952734,2681
617,6ebe01b255df199949f60a281a0fed3e,530048562,2682
618,6ebe01b255df199949f60a281a0fed3e,531164664,2730
619,6ebe01b255df199949f60a281a0fed3e,532341654,2872
620,6ebe01b255df199949f60a281a0fed3e,533518590,3026
621,6ebe01b255df199949f60a281a0fed3e,534756468,3103
622,6ebe01b255df199949f60a281a0fed3e,536034964,3179
623,6ebe01b255df199949f60a281a0fed3e,537333750,2722
624,6ebe01b255df199949f60a281a0fed3e,538449842,2722
625,6ebe01b255df199949f60a281a0fed3e,539586238,2722
626,6ebe01b255df199949f60a281a0fed3e,540702368,3063
627,6ebe01b255df199949f60a281a0fed3e,541960590,3246
628,6ebe01b255df199949f60a281a0fed3e,543299910,3246
629,6ebe01b255df199949f60a281a0fed3e,544618972,3258
630,6ebe01b255df199949f60a281a0fed3e,545958340,2830
631,6ebe01b255df199949f60a281a0fed3e,547135282,2781
632,6ebe01b255df199949f60a281a0fed3e,548271736,2741
633,6ebe01b255df199949f60a281a0fed3e,549387870,2921
634,6ebe01b255df199949f60a281a0fed3e,550605458,3325
635,6ebe01b255df199949f60a281a0fed3e,552005620,3286
636,6ebe01b255df199949f60a281a0fed3e,553365200,3254
637,6ebe01b255df199949f60a281a0fed3e,554704524,2796
638,6ebe01b255df199949f60a281a0fed3e,555840950,2780
639,6ebe01b255df199949f60a281a0fed3e,556997652,2740
640,6ebe01b255df199949f60a281a0fed3e,558113766,2964
641,6ebe01b255df199949f60a281a0fed3e,559331336,3210
642,6ebe01b255df199949f60a281a0fed3e,560650448,3209
643,6ebe01b255df199949f60a281a0fed3e,561969454,3389
644,6ebe01b255df199949f60a281a0fed3e,563369566,3057
645,6ebe01b255df199949f60a281a0fed3e,564627686,2840
646,6ebe01b255df199949f60a281a0fed3e,565906108,2748
647,6ebe01b255df199949f60a281a0fed3e,567042554,3209
648,6ebe01b255df199949f60a281a0fed3e,568361556,3301
649,6ebe01b255df199949f60a281a0fed3e,569721222,3369
650,6ebe01b255df199949f60a281a0fed3e,571101130,3448
651,6ebe01b255df199949f60a281a0fed3e,572521622,3387
652,6ebe01b255df199949f60a281a0fed3e,574104374,3157
653,6ebe01b255df199949f60a281a0fed3e,575403160,3246
654,6ebe01b255df199949f60a281a0fed3e,576742488,3230
655,6ebe01b255df199949f60a281a0fed3e,578081846,3388
656,6ebe01b255df199949f60a281a0fed3e,579461830,3451
657,6ebe01b255df199949f60a281a0fed3e,580882358,3046
658,6ebe01b255df199949f60a281a0fed3e,582160796,3404
659,6ebe01b255df199949f60a281a0fed3e,583561034,3532
660,6ebe01b255df199949f60a281a0fed3e,585022094,3568
661,6ebe01b255df199949f60a281a0fed3e,586483288,3607
662,6ebe01b255df199949f60a281a0fed3e,587964720,3596
663,6ebe01b255df199949f60a281a0fed3e,589425768,3209
664,6ebe01b255df199949f60a281a0fed3e,590744794,3460
665,6ebe01b255df199949f60a281a0fed3e,592165218,3616
666,6ebe01b255df199949f60a281a0fed3e,593666920,3612
667,6ebe01b255df199949f60a281a0fed3e,595148278,3667
668,6ebe01b255df199949f60a281a0fed3e,596649986,3662
669,6ebe01b255df199949f60a281a0fed3e,598151634,3234
670,6ebe01b255df199949f60a281a0fed3e,599470636,3287
671,6ebe01b255df199949f60a281a0fed3e,600830244,3394
672,6ebe01b255df199949f60a281a0fed3e,602230466,3714
673,6ebe01b255df199949f60a281a0fed3e,603752506,3663
674,6ebe01b255df199949f60a281a0fed3e,605254206,3729
675,6ebe01b255df199949f60a281a0fed3e,606999408,3219
676,6ebe01b255df199949f60a281a0fed3e,608318450,3319
677,6ebe01b255df199949f60a281a0fed3e,609678060,3551
678,6ebe01b255df199949f60a281a0fed3e,611139158,3712
679,6ebe01b255df199949f60a281a0fed3e,612661160,3774
680,6ebe01b255df199949f60a281a0fed3e,614223732,3797
681,6ebe01b255df199949f60a281a0fed3e,615765974,3829
682,6ebe01b255df199949f60a281a0fed3e,617348964,3813
683,6ebe01b255df199949f60a281a0fed3e,618911474,3813
684,6ebe01b255df199949f60a281a0fed3e,620474010,3664
685,6ebe01b255df199949f60a281a0fed3e,621975662,3838
686,6ebe01b255df199949f60a281a0fed3e,623578804,3789
687,6ebe01b255df199949f60a281a0fed3e,625141278,3841
688,6ebe01b255df199949f60a281a0fed3e,626724172,3806
689,6ebe01b255df199949f60a281a0fed3e,628266442,3816
690,6ebe01b255df199949f60a281a0fed3e,629869568,3729
691,6ebe01b255df199949f60a281a0fed3e,631411768,3869
692,6ebe01b255df199949f60a281a0fed3e,632994646,3721
693,6ebe01b255df199949f60a281a0fed3e,634516620,3912
694,6ebe01b255df199949f60a281a0fed3e,636119782,3852
695,6ebe01b255df199949f60a281a0fed3e,637702644,3881
696,6ebe01b255df199949f60a281a0fed3e,639305806,3960
697,6ebe01b255df199949f60a281a0fed3e,640929306,3927
698,6ebe01b255df199949f60a281a0fed3e,642532394,3828
699,6ebe01b255df199949f60a281a0fed3e,644115274,3953
700,6ebe01b255df199949f60a281a0fed3e,645738744,3932
701,6ebe01b255df199949f60a281a0fed3e,647341902,3832
702,6ebe01b255df199949f60a281a0fed3e,648924840,3860
703,6ebe01b255df199949f60a281a0fed3e,650507646,3989
704,6ebe01b255df199949f60a281a0fed3e,652131098,3824
705,6ebe01b255df199949f60a281a0fed3e,653713882,4085
706,6ebe01b255df199949f60a281a0fed3e,655377866,4045
707,6ebe01b255df199949f60a281a0fed3e,657041830,4051
708,6ebe01b255df199949f60a281a0fed3e,658705892,4069
709,6ebe01b255df199949f60a281a0fed3e,660369936,4069
710,6ebe01b255df199949f60a281a0fed3e,662054148,4115
711,6ebe01b255df199949f60a281a0fed3e,663734438,4294
712,6ebe01b255df199949f60a281a0fed3e,665499868,4245
713,6ebe01b255df199949f60a281a0fed3e,667224820,4212
714,6ebe01b255df199949f60a281a0fed3e,668970028,4251
715,6ebe01b255df199949f60a281a0fed3e,670715150,4259
716,6ebe01b255df199949f60a281a0fed3e,672460270,4220
717,6ebe01b255df199949f60a281a0fed3e,674185144,4072
718,6ebe01b255df199949f60a281a0fed3e,675849172,4138
719,6ebe01b255df199949f60a281a0fed3e,677553804,4294
720,6ebe01b255df199949f60a281a0fed3e,679319310,4273
721,6ebe01b255df199949f60a281a0fed3e,681064522,3955
722,6ebe01b255df199949f60a281a0fed3e,682708226,4250
723,6ebe01b255df199949f60a281a0fed3e,684433102,4186
724,6ebe01b255df199949f60a281a0fed3e,686157862,4425
725,6ebe01b255df199949f60a281a0fed3e,687984212,4326
726,6ebe01b255df199949f60a281a0fed3e,689749790,4399
727,6ebe01b255df199949f60a281a0fed3e,691555868,4360
728,6ebe01b255df199949f60a281a0fed3e,693341656,4109
729,6ebe01b255df199949f60a281a0fed3e,695026010,4438
730,6ebe01b255df199949f60a281a0fed3e,696852326,4390
731,6ebe01b255df199949f60a281a0fed3e,698658330,4341
732,6ebe01b255df199949f60a281a0fed3e,700444172,4217
733,6ebe01b255df199949f60a281a0fed3e,702169074,4115
734,6ebe01b255df199949f60a281a0fed3e,703853294,4183
735,6ebe01b255df199949f60a281a0fed3e,705578228,4149
736,6ebe01b255df199949f60a281a0fed3e,707282808,4439
737,6ebe01b255df199949f60a281a0fed3e,709088840,4180
738,6ebe01b255df199949f60a281a0fed3e,710813728,4287
739,6ebe01b255df199949f60a281a0fed3e,712579186,4329
740,6ebe01b255df199949f60a281a0fed3e,714344636,4201
741,6ebe01b255df199949f60a281a0fed3e,716069582,4468
742,6ebe01b255df199949f60a281a0fed3e,717916180,4250
743,6ebe01b255df199949f60a281a0fed3e,719661378,4508
744,6ebe01b255df199949f60a281a0fed3e,721508032,4421
745,6ebe01b255df199949f60a281a0fed3e,723314088,4438
746,6ebe01b255df199949f60a281a0fed3e,725160722,4425
747,6ebe01b255df199949f60a281a0fed3e,726987038,4399
748,6ebe01b255df199949f60a281a0fed3e,728793046,4459
749,6ebe01b255df199949f60a281a0fed3e,730619430,4178
750,6ebe01b255df199949f60a281a0fed3e,732344270,4526
751,6ebe01b255df199949f60a281a0fed3e,734190842,4518
752,6ebe01b255df199949f60a281a0fed3e,736057670,4549
753,6ebe01b255df199949f60a281a0fed3e,737924616,4514
754,6ebe01b255df199949f60a281a0fed3e,739767272,4272
755,6ebe01b255df199949f60a281a0fed3e,741532790,4633
756,6ebe01b255df199949f60a281a0fed3e,743460572,4204
757,6ebe01b255df199949f60a281a0fed3e,745185522,4690
758,6ebe01b255df199949f60a281a0fed3e,747113348,4759
759,6ebe01b255df199949f60a281a0fed3e,749081692,4788
760,6ebe01b255df199949f60a281a0fed3e,751029802,4695
761,6ebe01b255df199949f60a281a0fed3e,752957704,4314
762,6ebe01b255df199949f60a281a0fed3e,754743398,4586
763,6ebe01b255df199949f60a281a0fed3e,756630576,4824
764,6ebe01b255df199949f60a281a0fed3e,758619362,4590
765,6ebe01b255df199949f60a281a0fed3e,760506644,4594
766,6ebe01b255df199949f60a281a0fed3e,762393800,4676
767,6ebe01b255df199949f60a281a0fed3e,764301378,4719
768,6ebe01b255df199949f60a281a0fed3e,766249578,4612
769,6ebe01b255df199949f60a281a0fed3e,768136852,4615
770,6ebe01b255df199949f60a281a0fed3e,770024188,4572
771,6ebe01b255df199949f60a281a0fed3e,771911452,4853
772,6ebe01b255df199949f60a281a0fed3e,773940644,4856
773,6ebe01b255df199949f60a281a0fed3e,775929270,4855
774,6ebe01b255df199949f60a281a0fed3e,777917998,4710
775,6ebe01b255df199949f60a281a0fed3e,779866124,4605
776,6ebe01b255df199949f60a281a0fed3e,781753352,4744
777,6ebe01b255df199949f60a281a0fed3e,783701488,4835
778,6ebe01b255df199949f60a281a0fed3e,785690254,4599
779,6ebe01b255df199949f60a281a0fed3e,787577538,5053
780,6ebe01b255df199949f60a281a0fed3e,789647392,4814
781,6ebe01b255df199949f60a281a0fed3e,791636078,4607
782,6ebe01b255df199949f60a281a0fed3e,793523336,4762
783,6ebe01b255df199949f60a281a0fed3e,795471510,5038
784,6ebe01b255df199949f60a281a0fed3e,797541390,4831
785,6ebe01b255df199949f60a281a0fed3e,799530180,4582
786,6ebe01b255df199949f60a281a0fed3e,801397094,4878
787,6ebe01b255df199949f60a281a0fed3e,803406134,4766
788,6ebe01b255df199949f60a281a0fed3e,805354238,4957
789,6ebe01b255df199949f60a281a0fed3e,807424088,4929
790,6ebe01b255df199949f60a281a0fed3e,809433092,4995
791,6ebe01b255df199949f60a281a0fed3e,811482698,4923
792,6ebe01b255df199949f60a281a0fed3e,813512012,4878
793,6ebe01b255df199949f60a281a0fed3e,815520990,5139
794,6ebe01b255df199949f60a281a0fed3e,817671998,5142
795,6ebe01b255df199949f60a281a0fed3e,819782456,4708
796,6ebe01b255df199949f60a281a0fed3e,821710168,4690
797,6ebe01b255df199949f60a281a0fed3e,823637986,4996
798,6ebe01b255df199949f60a281a0fed3e,825687556,5011
799,6ebe01b255df199949f60a281a0fed3e,827757384,5139
800,6ebe01b255df199949f60a281a0fed3e,829867818,5219
801,6ebe01b255df199949f60a281a0fed3e,831998616,5028
802,6ebe01b255df199949f60a281a0fed3e,834068380,5191
803,6ebe01b255df199949f60a281a0fed3e,836199150,5180
804,6ebe01b255df199949f60a281a0fed3e,838329842,5145
805,6ebe01b255df199949f60a281a0fed3e,840440316,5013
806,6ebe01b255df199949f60a281a0fed3e,842489830,4870
807,6ebe01b255df199949f60a281a0fed3e,844498804,5234
808,6ebe01b255df199949f60a281a0fed3e,846629500,5087
809,6ebe01b255df199949f60a281a0fed3e,848719650,5237
810,6ebe01b255df199949f60a281a0fed3e,850870698,4840
811,6ebe01b255df199949f60a281a0fed3e,852859394,5158
812,6ebe01b255df199949f60a281a0fed3e,855030662,5341
813,6ebe01b255df199949f60a281a0fed3e,857222360,5496
814,6ebe01b255df199949f60a281a0fed3e,859474908,5438
815,6ebe01b255df199949f60a281a0fed3e,861707194,5426
816,6ebe01b255df199949f60a281a0fed3e,863939362,5145
817,6ebe01b255df199949f60a281a0fed3e,866049868,5206
818,6ebe01b255df199949f60a281a0fed3e,868200902,5266
819,6ebe01b255df199949f60a281a0fed3e,870351892,5407
820,6ebe01b255df199949f60a281a0fed3e,872563760,5119
821,6ebe01b255df199949f60a281a0fed3e,874674184,5290
822,6ebe01b255df199949f60a281a0fed3e,876845522,5485
823,6ebe01b255df199949f60a281a0fed3e,879093944,5184
824,6ebe01b255df199949f60a281a0fed3e,881224702,5412
825,6ebe01b255df199949f60a281a0fed3e,883436652,5421
826,6ebe01b255df199949f60a281a0fed3e,885668798,5164
827,6ebe01b255df199949f60a281a0fed3e,887799570,5320
828,6ebe01b255df199949f60a281a0fed3e,889970944,5465
829,6ebe01b255df199949f60a281a0fed3e,892223368,5376
830,6ebe01b255df199949f60a281a0fed3e,894415058,5154
831,6ebe01b255df199949f60a281a0fed3e,896545820,5611
832,6ebe01b255df199949f60a281a0fed3e,898838962,5684
833,6ebe01b255df199949f60a281a0fed3e,901172692,5247
834,6ebe01b255df199949f60a281a0fed3e,903344062,5719
835,6ebe01b255df199949f60a281a0fed3e,905677676,5526
836,6ebe01b255df199949f60a281a0fed3e,907950486,5324
837,6ebe01b255df199949f60a281a0fed3e,910142048,5648
838,6ebe01b255df199949f60a281a0fed3e,912455456,5751
839,6ebe01b255df199949f60a281a0fed3e,914809462,5576
840,6ebe01b255df199949f60a281a0fed3e,917102562,5764
841,6ebe01b255df199949f60a281a0fed3e,919456614,5527
842,6ebe01b255df199949f60a281a0fed3e,921729394,5594
843,6ebe01b255df199949f60a281a0fed3e,924022478,5963
844,6ebe01b255df199949f60a281a0fed3e,926477880,5834
845,6ebe01b255df199949f60a281a0fed3e,928872446,5373
846,6ebe01b255df199949f60a281a0fed3e,931084304,5739
847,6ebe01b255df199949f60a281a0fed3e,933438226,5378
848,6ebe01b255df199949f60a281a0fed3e,935629766,5929
849,6ebe01b255df199949f60a281a0fed3e,938064966,5796
850,6ebe01b255df199949f60a281a0fed3e,940439250,5628
851,6ebe01b255df199949f60a281a0fed3e,942752602,5845
852,6ebe01b255df199949f60a281a0fed3e,945167444,6082
853,6ebe01b255df199949f60a281a0fed3e,947643150,5721
854,6ebe01b255df199949f60a281a0fed3e,949997196,5603
855,6ebe01b255df199949f60a281a0fed3e,952290144,6074
856,6ebe01b255df199949f60a281a0fed3e,954786120,5596
857,6ebe01b255df199949f60a281a0fed3e,957099554,5932
858,6ebe01b255df199949f60a281a0fed3e,959514386,5963
859,6ebe01b255df199949f60a281a0fed3e,961969814,5607
860,6ebe01b255df199949f60a281a0fed3e,964262940,5741
861,6ebe01b255df199949f60a281a0fed3e,966637192,5915
862,6ebe01b255df199949f60a281a0fed3e,969052090,5887
863,6ebe01b255df199949f60a281a0fed3e,971466966,6070
864,6ebe01b255df199949f60a281a0fed3e,973963070,5903
865,6ebe01b255df199949f60a281a0fed3e,976377890,5600
866,6ebe01b255df199949f60a281a0fed3e,978691274,5886
867,6ebe01b255df199949f60a281a0fed3e,981106048,6313
868,6ebe01b255df199949f60a281a0fed3e,983683230,6114
869,6ebe01b255df199949f60a281a0fed3e,986199608,6157
870,6ebe01b255df199949f60a281a0fed3e,988736220,6057
871,6ebe01b255df199949f60a281a0fed3e,991211916,5864
872,6ebe01b255df199949f60a281a0fed3e,993626710,6266
873,6ebe01b255df199949f60a281a0fed3e,996203894,6494
874,6ebe01b255df199949f60a281a0fed3e,998858182,6656
875,6ebe01b255df199949f60a281a0fed3e,1001577390,6141
876,6ebe01b255df199949f60a281a0fed3e,1004093704,6548
877,6ebe01b255df199949f60a281a0fed3e,1006792670,6592
878,6ebe01b255df199949f60a281a0fed3e,1009491686,6572
879,6ebe01b255df199949f60a281a0fed3e,1012190678,6414
880,6ebe01b255df199949f60a281a0fed3e,1014828718,5948
881,6ebe01b255df199949f60a281a0fed3e,1017263866,6514
882,6ebe01b255df199949f60a281a0fed3e,1019942580,6503
883,6ebe01b255df199949f60a281a0fed3e,1022601036,6182
884,6ebe01b255df199949f60a281a0fed3e,1025137516,6423
885,6ebe01b255df199949f60a281a0fed3e,1027775586,6012
886,6ebe01b255df199949f60a281a0fed3e,1030251346,6453
887,6ebe01b255df199949f60a281a0fed3e,1032889418,6754
888,6ebe01b255df199949f60a281a0fed3e,1035669542,6755
889,6ebe01b255df199949f60a281a0fed3e,1038429372,6757
890,6ebe01b255df199949f60a281a0fed3e,1041209460,6106
891,6ebe01b255df199949f60a281a0fed3e,1043746148,6280
892,6ebe01b255df199949f60a281a0fed3e,1046323388,6544
893,6ebe01b255df199949f60a281a0fed3e,1049002038,6362
894,6ebe01b255df199949f60a281a0fed3e,1051619820,6649
895,6ebe01b255df199949f60a281a0fed3e,1054339052,6194
896,6ebe01b255df199949f60a281a0fed3e,1056875690,6451
897,6ebe01b255df199949f60a281a0fed3e,1059534228,6703
898,6ebe01b255df199949f60a281a0fed3e,1062293992,6655
899,6ebe01b255df199949f60a281a0fed3e,1065013180,6692
900,6ebe01b255df199949f60a281a0fed3e,1067772944,6262
901,6ebe01b255df199949f60a281a0fed3e,1070329804,6511
902,6ebe01b255df199949f60a281a0fed3e,1073008490,6828
903,6ebe01b255df199949f60a281a0fed3e,1075808920,6359
904,6ebe01b255df199949f60a281a0fed3e,1078426712,7022
905,6ebe01b255df199949f60a281a0fed3e,1081308352,6358
906,6ebe01b255df199949f60a281a0fed3e,1083905776,6834
907,6ebe01b255df199949f60a281a0fed3e,1086706176,6878
908,6ebe01b255df199949f60a281a0fed3e,1089522734,6879
909,6ebe01b255df199949f60a281a0fed3e,1092363696,7022
910,6ebe01b255df199949f60a281a0fed3e,1095245274,6441
911,6ebe01b255df199949f60a281a0fed3e,1097883310,6918
912,6ebe01b255df199949f60a281a0fed3e,1100724402,6622
913,6ebe01b255df199949f60a281a0fed3e,1103443512,7158
914,6ebe01b255df199949f60a281a0fed3e,1106365614,6938
915,6ebe01b255df199949f60a281a0fed3e,1109226858,6486
916,6ebe01b255df199949f60a281a0fed3e,1111885108,6901
917,6ebe01b255df199949f60a281a0fed3e,1114746338,6923
918,6ebe01b255df199949f60a281a0fed3e,1117587328,7132
919,6ebe01b255df199949f60a281a0fed3e,1120509538,6959
920,6ebe01b255df199949f60a281a0fed3e,1123370766,7104
921,6ebe01b255df199949f60a281a0fed3e,1126268560,6954
922,6ebe01b255df199949f60a281a0fed3e,1129129852,7197
923,6ebe01b255df199949f60a281a0fed3e,1132072200,6866
924,6ebe01b255df199949f60a281a0fed3e,1134892826,6988
925,6ebe01b255df199949f60a281a0fed3e,1137774374,7031
926,6ebe01b255df199949f60a281a0fed3e,1140656000,7233
927,6ebe01b255df199949f60a281a0fed3e,1143618696,6899
928,6ebe01b255df199949f60a281a0fed3e,1146459732,7240
929,6ebe01b255df199949f60a281a0fed3e,1149422502,6847
930,6ebe01b255df199949f60a281a0fed3e,1152243140,7252
931,6ebe01b255df199949f60a281a0fed3e,1155226234,6942
932,6ebe01b255df199949f60a281a0fed3e,1158067224,7000
933,6ebe01b255df199949f60a281a0fed3e,1160948782,7278
934,6ebe01b255df199949f60a281a0fed3e,1163952138,7566
935,6ebe01b255df199949f60a281a0fed3e,1167057018,7268
936,6ebe01b255df199949f60a281a0fed3e,1170040118,7257
937,6ebe01b255df199949f60a281a0fed3e,1173002850,7203
938,6ebe01b255df199949f60a281a0fed3e,1175965580,7468
939,6ebe01b255df199949f60a281a0fed3e,1179029736,7296
940,6ebe01b255df199949f60a281a0fed3e,1182033160,6957
941,6ebe01b255df199949f60a281a0fed3e,1184894474,7434
942,6ebe01b255df199949f60a281a0fed3e,1187958732,7642
943,6ebe01b255df199949f60a281a0fed3e,1191104186,7312
944,6ebe01b255df199949f60a281a0fed3e,1194087240,7235
945,6ebe01b255df199949f60a281a0fed3e,1197070338,7172
946,6ebe01b255df199949f60a281a0fed3e,1200033138,7413
947,6ebe01b255df199949f60a281a0fed3e,1203076986,7442
948,6ebe01b255df199949f60a281a0fed3e,1206141164,7867
949,6ebe01b255df199949f60a281a0fed3e,1209367638,7603
950,6ebe01b255df199949f60a281a0fed3e,1212533306,7624
951,6ebe01b255df199949f60a281a0fed3e,1215658344,7395
952,6ebe01b255df199949f60a281a0fed3e,1218702288,7467
953,6ebe01b255df199949f60a281a0fed3e,1221766508,7642
954,6ebe01b255df199949f60a281a0fed3e,1224891668,7898
955,6ebe01b255df199949f60a281a0fed3e,1228138510,7385
956,6ebe01b255df199949f60a281a0fed3e,1231158096,7580
957,6ebe01b255df199949f60a281a0fed3e,1234283340,7416
958,6ebe01b255df199949f60a281a0fed3e,1237327314,7880
959,6ebe01b255df199949f60a281a0fed3e,1240574098,7646
960,6ebe01b255df199949f60a281a0fed3e,1243719546,7620
961,6ebe01b255df199949f60a281a0fed3e,1246844610,8202
962,6ebe01b255df199949f60a281a0fed3e,1250209164,8465
963,6ebe01b255df199949f60a281a0fed3e,1253679242,7973
964,6ebe01b255df199949f60a281a0fed3e,1256946406,7675
965,6ebe01b255df199949f60a281a0fed3e,1260091894,7884
966,6ebe01b255df199949f60a281a0fed3e,1263338804,7895
967,6ebe01b255df199949f60a281a0fed3e,1266565508,7891
968,6ebe01b255df199949f60a281a0fed3e,1269812438,7719
969,6ebe01b255df199949f60a281a0fed3e,1272978098,7807
970,6ebe01b255df199949f60a281a0fed3e,1276184422,7990
971,6ebe01b255df199949f60a281a0fed3e,1279471766,8013
972,6ebe01b255df199949f60a281a0fed3e,1282755042,7709
973,6ebe01b255df199949f60a281a0fed3e,1285920538,7569
974,6ebe01b255df199949f60a281a0fed3e,1289025450,8127
975,6ebe01b255df199949f60a281a0fed3e,1292353566,8286
976,6ebe01b255df199949f60a281a0fed3e,1295742466,8024
977,6ebe01b255df199949f60a281a0fed3e,1299050206,8152
978,6ebe01b255df199949f60a281a0fed3e,1302398490,8059
979,6ebe01b255df199949f60a281a0fed3e,1305706352,8273
980,6ebe01b255df199949f60a281a0fed3e,1309095308,7893
981,6ebe01b255df199949f60a281a0fed3e,1312338200,8183
982,6ebe01b255df199949f60a281a0fed3e,1315686692,8488
983,6ebe01b255df199949f60a281a0fed3e,1319177040,8235
984,6ebe01b255df199949f60a281a0fed3e,1322565986,8069
985,6ebe01b255df199949f60a281a0fed3e,1325894118,8606
986,6ebe01b255df199949f60a281a0fed3e,1329425136,8538
987,6ebe01b255df199949f60a281a0fed3e,1332915508,8918
988,6ebe01b255df199949f60a281a0fed3e,1336588558,8331
989,6ebe01b255df199949f60a281a0fed3e,1339997764,8491
990,6ebe01b255df199949f60a281a0fed3e,1343488160,8765
991,6ebe01b255df199949f60a281a0fed3e,1347079992,8323
992,6ebe01b255df199949f60a281a0fed3e,1350485142,8270
993,6ebe01b255df199949f60a281a0fed3e,1353874068,8464
994,6ebe01b255df199949f60a281a0fed3e,1357344018,8522
995,6ebe01b255df199949f60a281a0fed3e,1360854602,8830
996,6ebe01b255df199949f60a281a0fed3e,1364466896,8201
997,6ebe01b255df199949f60a281a0fed3e,1367835428,8590
998,6ebe01b255df199949f60a281a0fed3e,1371366446,8786
999,6ebe01b255df199949f60a281a0fed3e,1374958388,8757
1000,6ebe01b255df199949f60a281a0fed3e,1378570534,9266
1001,6ebe01b255df199949f60a281a0fed3e,1382365238,8814
1002,6ebe01b255df199949f60a281a0fed3e,1385977498,8573
1003,6ebe01b255df199949f60a281a0fed3e,1389488160,9170
1004,6ebe01b255df199949f60a281a0fed3e,1393262590,8357
1005,6ebe01b255df199949f60a281a0fed3e,1396688168,8813
1006,6ebe01b255df199949f60a281a0fed3e,1400300374,8662
1007,6ebe01b255df199949f60a281a0fed3e,1403871966,8671
1008,6ebe01b255df199949f60a281a0fed3e,1407423224,8450
1009,6ebe01b255df199949f60a281a0fed3e,1410893324,9317
1010,6ebe01b255df199949f60a281a0fed3e,1414708450,8953
1011,6ebe01b255df199949f60a281a0fed3e,1418381466,9007
1012,6ebe01b255df199949f60a281a0fed3e,1422074714,8953
1013,6ebe01b255df199949f60a281a0fed3e,1425747650,9170
1014,6ebe01b255df199949f60a281a0fed3e,1429522046,8805
1015,6ebe01b255df199949f60a281a0fed3e,1433113812,8981
1016,6ebe01b255df199949f60a281a0fed3e,1436803004,9369
1017,6ebe01b255df199949f60a281a0fed3e,1440658688,8861
1018,6ebe01b255df199949f60a281a0fed3e,1444291024,9184
1019,6ebe01b255df199949f60a281a0fed3e,1448045122,8938
1020,6ebe01b255df199949f60a281a0fed3e,1451718168,8734
1021,6ebe01b255df199949f60a281a0fed3e,1455309922,9166
1022,6ebe01b255df199949f60a281a0fed3e,1459064096,9194
1023,6ebe01b255df199949f60a281a0fed3e,1462838544,9334
1024,6ebe01b255df199949f60a281a0fed3e,1466673902,9639
1025,6ebe01b255df199949f60a281a0fed3e,1470610764,9204
1026,6ebe01b255df199949f60a281a0fed3e,1474405510,9491
1027,6ebe01b255df199949f60a281a0fed3e,1478297740,9147
1028,6ebe01b255df199949f60a281a0fed3e,1482072172,9111
1029,6ebe01b255df199949f60a281a0fed3e,1485805880,9163
1030,6ebe01b255df199949f60a281a0fed3e,1489580388,9428
1031,6ebe01b255df199949f60a281a0fed3e,1493436106,9318
1032,6ebe01b255df199949f60a281a0fed3e,1497271462,9491
1033,6ebe01b255df199949f60a281a0fed3e,1501167776,9741
1034,6ebe01b255df199949f60a281a0fed3e,1505145146,9834
1035,6ebe01b255df199949f60a281a0fed3e,1509183378,9286
1036,6ebe01b255df199949f60a281a0fed3e,1512998462,9770
1037,6ebe01b255df199949f60a281a0fed3e,1517016430,9522
1038,6ebe01b255df199949f60a281a0fed3e,1520912666,9675
1039,6ebe01b255df199949f60a281a0fed3e,1524890018,9495
1040,6ebe01b255df199949f60a281a0fed3e,1528786332,9839
1041,6ebe01b255df199949f60a281a0fed3e,1532824570,9725
1042,6ebe01b255df199949f60a281a0fed3e,1536822296,9591
1043,6ebe01b255df199949f60a281a0fed3e,1540759170,9537
1044,6ebe01b255df199949f60a281a0fed3e,1544675594,10180
1045,6ebe01b255df199949f60a281a0fed3e,1548855886,9808
1046,6ebe01b255df199949f60a281a0fed3e,1552873986,9467
1047,6ebe01b255df199949f60a281a0fed3e,1556770328,9874
1048,6ebe01b255df199949f60a281a0fed3e,1560808626,9700
1049,6ebe01b255df199949f60a281a0fed3e,1564786028,9545
1050,6ebe01b255df199949f60a281a0fed3e,1568718736,10128
1051,6ebe01b255df199949f60a281a0fed3e,1572858464,10100
1052,6ebe01b255df199949f60a281a0fed3e,1576998250,9951
1053,6ebe01b255df199949f60a281a0fed3e,1581158202,9756
1054,6ebe01b255df199949f60a281a0fed3e,1585155892,9888
1055,6ebe01b255df199949f60a281a0fed3e,1589214426,10139
1056,6ebe01b255df199949f60a281a0fed3e,1593374598,10110
1057,6ebe01b255df199949f60a281a0fed3e,1597530446,10053
1058,6ebe01b255df199949f60a281a0fed3e,1601649854,9870
1059,6ebe01b255df199949f60a281a0fed3e,1605688192,10537
1060,6ebe01b255df199949f60a281a0fed3e,1610010566,10436
1061,6ebe01b255df199949f60a281a0fed3e,1614308574,9791
1062,6ebe01b255df199949f60a281a0fed3e,1618326526,10161
1063,6ebe01b255df199949f60a281a0fed3e,1622486646,10320
1064,6ebe01b255df199949f60a281a0fed3e,1626727956,10367
1065,6ebe01b255df199949f60a281a0fed3e,1630969054,10602
1066,6ebe01b255df199949f60a281a0fed3e,1635311734,10718
1067,6ebe01b255df199949f60a281a0fed3e,1639715286,10060
1068,6ebe01b255df199949f60a281a0fed3e,1643834736,10149
1069,6ebe01b255df199949f60a281a0fed3e,1648014934,10442
1070,6ebe01b255df199949f60a281a0fed3e,1652357578,10413
1071,6ebe01b255df199949f60a281a0fed3e,1656639364,10798
1072,6ebe01b255df199949f60a281a0fed3e,1661083532,11127
1073,6ebe01b255df199949f60a281a0fed3e,1665649418,11334
1074,6ebe01b255df199949f60a281a0fed3e,1670296398,10873
1075,6ebe01b255df199949f60a281a0fed3e,1674781190,10721
1076,6ebe01b255df199949f60a281a0fed3e,1679164604,10841
1077,6ebe01b255df199949f60a281a0fed3e,1683608834,10768
1078,6ebe01b255df199949f60a281a0fed3e,1688032678,10871
1079,6ebe01b255df199949f60a281a0fed3e,1692497178,10794
1080,6ebe01b255df199949f60a281a0fed3e,1696921034,10478
1081,6ebe01b255df199949f60a281a0fed3e,1701223208,11387
1082,6ebe01b255df199949f60a281a0fed3e,1705890506,10821
1083,6ebe01b255df199949f60a281a0fed3e,1710334608,10913
1084,6ebe01b255df199949f60a281a0fed3e,1714799124,11208
1085,6ebe01b255df199949f60a281a0fed3e,1719405472,11726
1086,6ebe01b255df199949f60a281a0fed3e,1724214970,11363
1087,6ebe01b255df199949f60a281a0fed3e,1728882308,11299
1088,6ebe01b255df199949f60a281a0fed3e,1733509050,10841
1089,6ebe01b255df199949f60a281a0fed3e,1737953104,11242
1090,6ebe01b255df199949f60a281a0fed3e,1742575914,11839
1091,6ebe01b255df199949f60a281a0fed3e,1747425946,11373
1092,6ebe01b255df199949f60a281a0fed3e,1752093134,11721
1093,6ebe01b255df199949f60a281a0fed3e,1756902530,11543
1094,6ebe01b255df199949f60a281a0fed3e,1761651062,11258
1095,6ebe01b255df199949f60a281a0fed3e,1766253374,11564
1096,6ebe01b255df199949f60a281a0fed3e,1771001838,11371
1097,6ebe01b255df199949f60a281a0fed3e,1775669266,11435
1098,6ebe01b255df199949f60a281a0fed3e,1780377132,11813
1099,6ebe01b255df199949f60a281a0fed3e,1785206818,11487
1100,6ebe01b255df199949f60a281a0fed3e,1789914838,11657
1101,6ebe01b255df199949f60a281a0fed3e,1794703922,11838
1102,6ebe01b255df199949f60a281a0fed3e,1799553876,11535
1103,6ebe01b255df199949f60a281a0fed3e,1804383532,11782
1104,6ebe01b255df199949f60a281a0fed3e,1809209144,11832
1105,6ebe01b255df199949f60a281a0fed3e,1814079528,11628
1106,6ebe01b255df199949f60a281a0fed3e,1818888964,11693
1107,6ebe01b255df199949f60a281a0fed3e,1823698484,12228
1108,6ebe01b255df199949f60a281a0fed3e,1828710744,12042
1109,6ebe01b255df199949f60a281a0fed3e,1833658200,12645
1110,6ebe01b255df199949f60a281a0fed3e,1838853150,12304
1111,6ebe01b255df199949f60a281a0fed3e,1843885778,12348
1112,6ebe01b255df199949f60a281a0fed3e,1848938646,12325
1113,6ebe01b255df199949f60a281a0fed3e,1853991616,11759
1114,6ebe01b255df199949f60a281a0fed3e,1858922854,12163
1115,6ebe01b255df199949f60a281a0fed3e,1863915018,11883
1116,6ebe01b255df199949f60a281a0fed3e,1868805526,12531
1117,6ebe01b255df199949f60a281a0fed3e,1873939556,12351
1118,6ebe01b255df199949f60a281a0fed3e,1878992418,11772
1119,6ebe01b255df199949f60a281a0fed3e,1883822098,12944
1120,6ebe01b255df199949f60a281a0fed3e,1889118502,12435
1121,6ebe01b255df199949f60a281a0fed3e,1894211908,12422
1122,6ebe01b255df199949f60a281a0fed3e,1899285124,12718
1123,6ebe01b255df199949f60a281a0fed3e,1904476020,13185
1124,6ebe01b255df199949f60a281a0fed3e,1909873934,12573
1125,6ebe01b255df199949f60a281a0fed3e,1915008016,13195
1126,6ebe01b255df199949f60a281a0fed3e,1920426230,12482
1127,6ebe01b255df199949f60a281a0fed3e,1925539942,12329
1128,6ebe01b255df199949f60a281a0fed3e,1930572624,13121
1129,6ebe01b255df199949f60a281a0fed3e,1935950116,12285
1130,6ebe01b255df199949f60a281a0fed3e,1940962486,12769
1131,6ebe01b255df199949f60a281a0fed3e,1946177714,12458
1132,6ebe01b255df199949f60a281a0fed3e,1951271262,13425
1133,6ebe01b255df199949f60a281a0fed3e,1956791026,12318
1134,6ebe01b255df199949f60a281a0fed3e,1961884666,13539
1135,6ebe01b255df199949f60a281a0fed3e,1967404266,14596
1136,6ebe01b255df199949f60a281a0fed3e,1973370436,13213
1137,6ebe01b255df199949f60a281a0fed3e,1978768430,13518
1138,6ebe01b255df199949f60a281a0fed3e,1984283892,13524
1139,6ebe01b255df199949f60a281a0fed3e,1989803630,13473
1140,6ebe01b255df199949f60a281a0fed3e,1995302924,13944
1141,6ebe01b255df199949f60a281a0fed3e,2001025520,13484
1142,6ebe01b255df199949f60a281a0fed3e,2006524836,13948
1143,6ebe01b255df199949f60a281a0fed3e,2012227142,13745
1144,6ebe01b255df199949f60a281a0fed3e,2017827874,13683
1145,6ebe01b255df199949f60a281a0fed3e,2023408426,13423
1146,6ebe01b255df199949f60a281a0fed3e,2028907818,13550
1147,6ebe01b255df199949f60a281a0fed3e,2034427434,13440
1148,6ebe01b255df199949f60a281a0fed3e,2039926754,13492
1149,6ebe01b255df199949f60a281a0fed3e,2045426130,13489
1150,6ebe01b255df199949f60a281a0fed3e,2050925620,13855
1151,6ebe01b255df199949f60a281a0fed3e,2056583294,13772
1152,6ebe01b255df199949f60a281a0fed3e,2062204340,15116
1153,6ebe01b255df199949f60a281a0fed3e,2068353280,14323
1154,6ebe01b255df199949f60a281a0fed3e,2074217934,14169
1155,6ebe01b255df199949f60a281a0fed3e,2080001332,14285
1156,6ebe01b255df199949f60a281a0fed3e,2085825488,13959
1157,6ebe01b255df199949f60a281a0fed3e,2091527802,15094
1158,6ebe01b255df199949f60a281a0fed3e,2097696754,14625
1159,6ebe01b255df199949f60a281a0fed3e,2103662872,14120
1160,6ebe01b255df199949f60a281a0fed3e,2109426030,14208
1161,6ebe01b255df199949f60a281a0fed3e,2115270344,15198
1162,6ebe01b255df199949f60a281a0fed3e,2121459694,14775
1163,6ebe01b255df199949f60a281a0fed3e,2127486748,14916
1164,6ebe01b255df199949f60a281a0fed3e,2133570560,14878
1165,6ebe01b255df199949f60a281a0fed3e,2139617836,14889
1166,6ebe01b255df199949f60a281a0fed3e,2145681414,15076
1167,6ebe01b255df199949f60a281a0fed3e,2151850454,14973
1168,6ebe01b255df199949f60a281a0fed3e,2157958668,15081
1169,6ebe01b255df199949f60a281a0fed3e,2164087082,15240
1170,6ebe01b255df199949f60a281a0fed3e,2170296744,14994
1171,6ebe01b255df199949f60a281a0fed3e,2176404782,14675
1172,6ebe01b255df199949f60a281a0fed3e,2182370822,15294
1173,6ebe01b255df199949f60a281a0fed3e,2188600788,15043
1174,6ebe01b255df199949f60a281a0fed3e,2194729246,15547
1175,6ebe01b255df199949f60a281a0fed3e,2201040312,14864
1176,6ebe01b255df199949f60a281a0fed3e,2207087596,15478
1177,6ebe01b255df199949f60a281a0fed3e,2213398622,16527
1178,6ebe01b255df199949f60a281a0fed3e,2220111580,16599
1179,6ebe01b255df199949f60a281a0fed3e,2226864930,16021
1180,6ebe01b255df199949f60a281a0fed3e,2233378970,16642
1181,6ebe01b255df199949f60a281a0fed3e,2240136556,16239
1182,6ebe01b255df199949f60a281a0fed3e,2246752058,16687
1183,6ebe01b255df199949f60a281a0fed3e,2253525810,16462
1184,6ebe01b255df199949f60a281a0fed3e,2260222444,16155
1185,6ebe01b255df199949f60a281a0fed3e,2266797312,15588
1186,6ebe01b255df199949f60a281a0fed3e,2273128790,16395
1187,6ebe01b255df199949f60a281a0fed3e,2279805148,16239
1188,6ebe01b255df199949f60a281a0fed3e,2286396198,16584
1189,6ebe01b255df199949f60a281a0fed3e,2293149622,16343
1190,6ebe01b255df199949f60a281a0fed3e,2299785422,17017
1191,6ebe01b255df199949f60a281a0fed3e,2306705234,16358
1192,6ebe01b255df199949f60a281a0fed3e,2313361342,16098
1193,6ebe01b255df199949f60a281a0fed3e,2319895838,16623
1194,6ebe01b255df199949f60a281a0fed3e,2326653212,17338
1195,6ebe01b255df199949f60a281a0fed3e,2333715272,16533
1196,6ebe01b255df199949f60a281a0fed3e,2340432262,18685
1197,6ebe01b255df199949f60a281a0fed3e,2348021982,17001
1198,6ebe01b255df199949f60a281a0fed3e,2354941818,17465
1199,6ebe01b255df199949f60a281a0fed3e,2362024276,16634
1200,6ebe01b255df199949f60a281a0fed3e,2368802120,17324
1201,6ebe01b255df199949f60a281a0fed3e,2375843622,16890
1202,6ebe01b255df199949f60a281a0fed3e,2382702698,17067
1203,6ebe01b255df199949f60a281a0fed3e,2389642758,16922
1204,6ebe01b255df199949f60a281a0fed3e,2396521882,17118
1205,6ebe01b255df199949f60a281a0fed3e,2403482272,17880
1206,6ebe01b255df199949f60a281a0fed3e,2410747170,18325
1207,6ebe01b255df199949f60a281a0fed3e,2418194668,17846
1208,6ebe01b255df199949f60a281a0fed3e,2425459442,21332
1209,6ebe01b255df199949f60a281a0fed3e,2434120316,19192
1210,6ebe01b255df199949f60a281a0fed3e,2441933040,18632
1211,6ebe01b255df199949f60a281a0fed3e,2449494260,17643
1212,6ebe01b255df199949f60a281a0fed3e,2456673780,18113
1213,6ebe01b255df199949f60a281a0fed3e,2464101044,19305
1214,6ebe01b255df199949f60a281a0fed3e,2471934078,18976
1215,6ebe01b255df199949f60a281a0fed3e,2479645244,18390
1216,6ebe01b255df199949f60a281a0fed3e,2487133372,19204
1217,6ebe01b255df199949f60a281a0fed3e,2494925854,18259
1218,6ebe01b255df199949f60a281a0fed3e,2502348968,18193
1219,6ebe01b255df199949f60a281a0fed3e,2509755974,18929
1220,6ebe01b255df199949f60a281a0fed3e,2517447068,19356
1221,6ebe01b255df199949f60a281a0fed3e,2525316614,18849
1222,6ebe01b255df199949f60a281a0fed3e,2532987306,19000
1223,6ebe01b255df199949f60a281a0fed3e,2540698730,18874
1224,6ebe01b255df199949f60a281a0fed3e,2548369198,19788
1225,6ebe01b255df199949f60a281a0fed3e,2556425524,19365
1226,6ebe01b255df199949f60a281a0fed3e,2564299176,19524
1227,6ebe01b255df199949f60a281a0fed3e,2572225620,18350
1228,6ebe01b255df199949f60a281a0fed3e,2579673010,20247
1229,6ebe01b255df199949f60a281a0fed3e,2587907808,21682
1230,6ebe01b255df199949f60a281a0fed3e,2596714972,20089
1231,6ebe01b255df199949f60a281a0fed3e,2604872728,19602
1232,6ebe01b255df199949f60a281a0fed3e,2612847776,20309
1233,6ebe01b255df199949f60a281a0fed3e,2621107098,19414
1234,6ebe01b255df199949f60a281a0fed3e,2629000832,20062
1235,6ebe01b255df199949f60a281a0fed3e,2637154622,20527
1236,6ebe01b255df199949f60a281a0fed3e,2637905510,20490
1237,6ebe01b255df199949f60a281a0fed3e,2637905510,20244
1238,6ebe01b255df199949f60a281a0fed3e,2637905510,19900
1239,6ebe01b255df199949f60a281a0fed3e,2637905510,20217
1240,6ebe01b255df199949f60a281a0fed3e,2637905510,20662
1241,6ebe01b255df199949f60a281a0fed3e,2637905510,19986
1242,6ebe01b255df199949f60a281a0fed3e,2637905510,20351
1243,6ebe01b255df199949f60a281a0fed3e,2637905510,19660
1244,6ebe01b255df199949f60a281a0fed3e,2637905510,21379
1245,6ebe01b255df199949f60a281a0fed3e,2637905510,20725
1246,6ebe01b255df199949f60a281a0fed3e,2637905510,20624
1247,6ebe01b255df199949f60a281a0fed3e,2637905510,20267
1248,6ebe01b255df199949f60a281a0fed3e,2637905510,19989
1249,6ebe01b255df199949f60a281a0fed3e,2637905510,19913
1250,6ebe01b255df199949f60a281a0fed3e,2637905510,20768
1251,6ebe01b255df199949f60a281a0fed3e,2637905510,20001
1252,6ebe01b255df199949f60a281a0fed3e,2637905510,20129
1253,6ebe01b255df199949f60a281a0fed3e,2637905510,20044
1254,6ebe01b255df199949f60a281a0fed3e,2637905510,20504
1255,6ebe01b255df199949f60a281a0fed3e,2637905510,20448
1256,6ebe01b255df199949f60a281a0fed3e,2637905510,20309
1257,6ebe01b255df199949f60a281a0fed3e,2637905510,20356
1258,6ebe01b255df199949f60a281a0fed3e,2637905510,20580
1259,6ebe01b255df199949f60a281a0fed3e,2637905510,21557
1260,6ebe01b255df199949f60a281a0fed3e,2637905510,20396
1261,6ebe01b255df199949f60a281a0fed3e,2637905510,20648
1262,6ebe01b255df199949f60a281a0fed3e,2637905510,20236
1263,6ebe01b255df199949f60a281a0fed3e,2637905510,20158
1264,6ebe01b255df199949f60a281a0fed3e,2637905510,20940
1265,6ebe01b255df199949f60a281a0fed3e,2637905510,20035
1266,6ebe01b255df199949f60a281a0fed3e,2637905510,20355
1267,6ebe01b255df199949f60a281a0fed3e,2637905510,20795
1268,6ebe01b255df199949f60a281a0fed3e,2637905510,20388
1269,6ebe01b255df199949f60a281a0fed3e,2637905510,20083
1270,6ebe01b255df199949f60a281a0fed3e,2637905510,20501
1271,6ebe01b255df199949f60a281a0fed3e,2637905510,19929
1272,6ebe01b255df199949f60a281a0fed3e,2637905510,20672
1273,6ebe01b255df199949f60a281a0fed3e,2637905510,20185
1274,6ebe01b255df199949f60a281a0fed3e,2637905510,22825
1275,6ebe01b255df199949f60a281a0fed3e,2637905510,25069
1276,6ebe01b255df199949f60a281a0fed3e,2637905510,20826
1277,6ebe01b255df199949f60a281a0fed3e,2637905510,19769
1278,6ebe01b255df199949f60a281a0fed3e,2637905510,20405
1279,6ebe01b255df199949f60a281a0fed3e,2637905510,21173
1280,6ebe01b255df199949f60a281a0fed3e,2637905510,20488
1281,6ebe01b255df199949f60a281a0fed3e,2637905510,19721
1282,6ebe01b255df199949f60a281a0fed3e,2637905510,20712
1283,6ebe01b255df199949f60a281a0fed3e,2637905510,20461
1284,6ebe01b255df199949f60a281a0fed3e,2637905510,20696
1285,6ebe01b255df199949f60a281a0fed3e,2637905510,20457
1286,6ebe01b255df199949f60a281a0fed3e,2637905510,20966
1287,6ebe01b255df199949f60a281a0fed3e,2637905510,19741
1288,6ebe01b255df199949f60a281a0fed3e,2637905510,20549
1290,6ebe01b255df199949f60a281a0fed3e,2637905510,1555
1291,6ebe01b255df199949f60a281a0fed3e,2637905510,8254
1292,6ebe01b255df199949f60a281a0fed3e,2637905510,17565
1293,6ebe01b255df199949f60a281a0fed3e,2637905510,18853
1294,6ebe01b255df199949f60a281a0fed3e,2637905510,18954
1295,6ebe01b255df199949f60a281a0fed3e,2637905510,20385
1296,6ebe01b255df199949f60a281a0fed3e,2637905510,20241
1297,6ebe01b255df199949f60a281a0fed3e,2637905510,19942
1298,6ebe01b255df199949f60a281a0fed3e,2637905510,19409
1299,6ebe01b255df199949f60a281a0fed3e,2637905510,21437
1300,6ebe01b255df199949f60a281a0fed3e,2637905510,20696
1301,6ebe01b255df199949f60a281a0fed3e,2637905510,20010
1302,6ebe01b255df199949f60a281a0fed3e,2637905510,19409
1303,6ebe01b255df199949f60a281a0fed3e,2637905510,20106
1304,6ebe01b255df199949f60a281a0fed3e,2637905510,19377
1305,6ebe01b255df199949f60a281a0fed3e,2637905510,19516
1306,6ebe01b255df199949f60a281a0fed3e,2637905510,19789
1307,6ebe01b255df199949f60a281a0fed3e,2637905510,20096
1308,6ebe01b255df199949f60a281a0fed3e,2637905510,19849
1309,6ebe01b255df199949f60a281a0fed3e,2637905510,20088
1310,6ebe01b255df199949f60a281a0fed3e,2637905510,19889
1311,6ebe01b255df199949f60a281a0fed3e,2637905510,20652
1312,6ebe01b255df199949f60a281a0fed3e,2637905510,20229
1313,6ebe01b255df199949f60a281a0fed3e,2637905510,20312
1314,6ebe01b255df199949f60a281a0fed3e,2637905510,19889
1315,6ebe01b255df199949f60a281a0fed3e,2637905510,20290
1316,6ebe01b255df199949f60a281a0fed3e,2637905510,20293
1317,6ebe01b255df199949f60a281a0fed3e,2637905510,20200
1318,6ebe01b255df199949f60a281a0fed3e,2637905510,20741
1319,6ebe01b255df199949f60a281a0fed3e,2637905510,20860
1320,6ebe01b255df199949f60a281a0fed3e,2637905510,19837
1321,6ebe01b255df199949f60a281a0fed3e,2637905510,20665
1322,6ebe01b255df199949f60a281a0fed3e,2637905510,20376
1323,6ebe01b255df199949f60a281a0fed3e,2637905510,20332
1324,6ebe01b255df199949f60a281a0fed3e,2637905510,20097
1325,6ebe01b255df199949f60a281a0fed3e,2637905510,20600
1326,6ebe01b255df199949f60a281a0fed3e,2637905510,20132
1327,6ebe01b255df199949f60a281a0fed3e,2637905510,21120
1328,6ebe01b255df199949f60a281a0fed3e,2637905510,19577
1329,6ebe01b255df199949f60a281a0fed3e,2637905510,20685
1330,6ebe01b255df199949f60a281a0fed3e,2637905510,20005
1331,6ebe01b255df199949f60a281a0fed3e,2637905510,20370
1332,6ebe01b255df199949f60a281a0fed3e,2637905510,19909
1333,6ebe01b255df199949f60a281a0fed3e,2637905510,20807
1334,6ebe01b255df199949f60a281a0fed3e,2637905510,19869
1335,6ebe01b255df199949f60a281a0fed3e,2637905510,20653
1336,6ebe01b255df199949f60a281a0fed3e,2637905510,20496
1337,6ebe01b255df199949f60a281a0fed3e,2637905510,19974
1338,6ebe01b255df199949f60a281a0fed3e,2637905510,19481
1339,6ebe01b255df199949f60a281a0fed3e,2637905510,19681
1340,6ebe01b255df199949f60a281a0fed3e,2637905510,19681
1341,6ebe01b255df199949f60a281a0fed3e,2637905510,19213
1342,6ebe01b255df199949f60a281a0fed3e,2637905510,19317
1343,6ebe01b255df199949f60a281a0fed3e,2637905510,20713
1344,6ebe01b255df199949f60a281a0fed3e,2637905510,19857
1345,6ebe01b255df199949f60a281a0fed3e,2637905510,20025
1346,6ebe01b255df199949f60a281a0fed3e,2637905510,20013
1347,6ebe01b255df199949f60a281a0fed3e,2637905510,20021
1348,6ebe01b255df199949f60a281a0fed3e,2637905510,20785
1349,6ebe01b255df199949f60a281a0fed3e,2637905510,20652
1350,6ebe01b255df199949f60a281a0fed3e,2637905510,19854
1351,6ebe01b255df199949f60a281a0fed3e,2637905510,19682
1352,6ebe01b255df199949f60a281a0fed3e,2637905510,18980
1353,6ebe01b255df199949f60a281a0fed3e,2637905510,19440
1354,6ebe01b255df199949f60a281a0fed3e,2637905510,19121
1355,6ebe01b255df199949f60a281a0fed3e,2637905510,20296
1356,6ebe01b255df199949f60a281a0fed3e,2637905510,19993
1357,6ebe01b255df199949f60a281a0fed3e,2637905510,20076
1358,6ebe01b255df199949f60a281a0fed3e,2637905510,19937
1359,6ebe01b255df199949f60a281a0fed3e,2637905510,19769
1360,6ebe01b255df199949f60a281a0fed3e,2637905510,19421
1361,6ebe01b255df199949f60a281a0fed3e,2637905510,19837
1362,6ebe01b255df199949f60a281a0fed3e,2637905510,19340
